,prop. core,prop. excl.,prop. low compl.,abs. diff. core - excl.,abs. diff. core - low coml.,z-val (core/excl.),p-val (core/excl.),z-val (core/low compl.),p-val (core/low compl.)
American Indian/Alaska Native,0.08496176720475786,1.3574660633484164,0.5012531328320802,1.2725042961436586,0.41629136562732233,-3.249644316120378,0.0011554943187076156,-1.6486375997079075,0.09922190094076956
Asian,10.110450297366185,16.7420814479638,8.771929824561402,6.631631150597613,1.3385204728047828,-2.872997312593424,0.004065975750681429,0.7781577468595803,0.436476022757343
Hispanic,9.430756159728123,7.239819004524888,11.027568922305765,2.190937155203235,1.5968127625776418,1.0399039758934483,0.29838451511424013,-0.9256437921250332,0.35463112723678725
Native Hawaiian or Other Pacific Islander,0.08496176720475786,0.4524886877828055,0.2506265664160401,0.36752692057804764,0.16566479921128224,-1.326384391970631,0.1847124060290204,-0.8032776110123176,0.42181429560196615
Black or African American,7.1367884451996595,5.429864253393665,8.270676691729323,1.706924191805994,1.1338882465296631,0.9206850240195541,0.3572148972501714,-0.7466248879919709,0.45529002096443916
White,69.24384027187766,61.53846153846154,66.16541353383458,7.705378733416119,3.0784267380430776,2.2536575474067115,0.02421772000135163,1.1436488342480398,0.25276930059735814
Multiracial,3.143585386576041,4.072398190045249,4.511278195488721,0.9288128034692078,1.3676928089126803,-0.710229792087151,0.47756164900511555,-1.2864573646891801,0.19828348929772566
Other,0.4248088360237893,1.3574660633484164,0.2506265664160401,0.932657227324627,0.17418226960774924,-1.6865826187509012,0.0916836364331952,0.4882376646058667,0.6253815089217185
Prefer not to disclose,0.33984706881903143,1.809954751131222,0.2506265664160401,1.4701076823121906,0.08922050240299134,-2.6584880190038938,0.007849214138958989,0.27386993302459506,0.7841845784460725
