,true dist. core-excl,bootstr. dist. 2.5th perc. core-excl,bootstr. dist. 97.5th perc.  core-excl,true dist. core-lowCompl,bootstr. dist. 2.5th perc. core-lowCompl,bootstr. dist. 97.5th perc.  core-lowCompl
female,15.267064997203342,2.879339250079373,7.3434186839206355,15.088497057552305,1.5612241737766923,4.022470874328626
male,17.21765904532573,2.792081648546471,7.355685634812219,16.19914444713236,1.4746465854021946,3.8851460503052704
party,4.064517807483512,1.038386213490434,9.02632925259692,5.924981189464944,0.7065994441049269,6.070937389814195
education,6.358041649235723,2.359671697063844,8.946632766732646,11.522577004565164,1.5745821232904273,6.0336461133987624
race/ethnicity,10.803392592320098,1.394168411148624,7.720718654217463,4.148914134976141,0.9607659312542791,5.159594029717753
income,5.924885083749732,2.217435596411006,8.792854416910155,14.512761245002421,1.4805750804804008,6.043831684713032
